,degree,betweenness,closeness,eigenvector
上证50股指期货,0.4482758620689655,0.3699726518692036,0.5918367346938775,0.41079002294525246
沪深300股指期货,0.3793103448275862,0.22503588365657323,0.4915254237288136,0.3138760136567551
上证50ETF,0.41379310344827586,0.18257975604034715,0.5471698113207547,0.3791176168935407
黄金ETF,0.20689655172413793,0.17385110784125563,0.47540983606557374,0.16578785183043643
十年国债期货,0.24137931034482757,0.11616920640935416,0.3670886075949367,0.07717688460420583
活跃国债ETF,0.24137931034482757,0.11513802631413465,0.4027777777777778,0.12636329777297348
能源化工ETF,0.24137931034482757,0.10832344653157462,0.48333333333333334,0.2222108644006884
紫金矿业,0.20689655172413793,0.09153538374597485,0.4915254237288136,0.2201541225288463
银行ETF,0.24137931034482757,0.07908269891028515,0.453125,0.22296339144947497
沪深300ETF,0.27586206896551724,0.047376043496733154,0.4603174603174603,0.27395615714446747
